DAC,Laser Power
0,1.00187e-05
1,4.00583e-06
2,1.00187e-05
3,6.00934e-06
4,6.00934e-06
5,8.01402e-06
6,-3.5211e-09
7,4.00583e-06
8,6.00934e-06
9,1.00187e-05
10,1.00187e-05
11,6.00934e-06
12,8.01402e-06
13,4.00583e-06
14,8.01402e-06
15,-3.5211e-09
16,4.00583e-06
17,-3.5211e-09
18,1.20222e-05
19,8.01402e-06
20,1.00187e-05
21,6.00934e-06
22,-3.5211e-09
23,8.01402e-06
24,8.01402e-06
25,6.00934e-06
26,1.20222e-05
27,6.00934e-06
28,8.01402e-06
29,8.01402e-06
30,6.00934e-06
31,4.00583e-06
32,8.01402e-06
33,6.00934e-06
34,1.20222e-05
35,4.00583e-06
36,2.00116e-06
37,1.20222e-05
38,1.40269e-05
39,8.01402e-06
40,8.01402e-06
41,6.00934e-06
42,1.00187e-05
43,2.00116e-06
44,1.00187e-05
45,2.00116e-06
46,8.01402e-06
47,8.01402e-06
48,4.00583e-06
49,8.01402e-06
50,8.01402e-06
51,8.01402e-06
52,6.00934e-06
53,1.00187e-05
54,4.00583e-06
55,4.00583e-06
56,8.01402e-06
57,-2.00702e-06
58,1.20222e-05
59,-3.5211e-09
60,2.00116e-06
61,-3.5211e-09
62,6.00934e-06
63,1.20222e-05
64,1.40269e-05
65,-2.00702e-06
66,-3.5211e-09
67,6.00934e-06
68,1.00187e-05
69,4.00583e-06
70,2.00116e-06
71,6.00934e-06
72,4.00583e-06
73,6.00934e-06
74,8.01402e-06
75,1.00187e-05
76,4.00583e-06
77,8.01402e-06
78,1.20222e-05
79,1.00187e-05
80,1.60316e-05
81,6.00934e-06
82,4.00583e-06
83,1.00187e-05
84,1.20222e-05
85,4.00583e-06
86,1.00187e-05
87,1.20222e-05
88,1.00187e-05
89,-3.5211e-09
90,1.40269e-05
91,6.00934e-06
92,8.01402e-06
93,2.00116e-06
94,4.00583e-06
95,4.00583e-06
96,2.00116e-06
97,8.01402e-06
98,8.01402e-06
99,8.01402e-06
100,8.01402e-06
101,8.01402e-06
102,8.01402e-06
103,4.00583e-06
104,8.01402e-06
105,6.00934e-06
106,1.00187e-05
107,8.01402e-06
108,8.01402e-06
109,1.60316e-05
110,1.00187e-05
111,1.60316e-05
112,1.00187e-05
113,6.00934e-06
114,1.20222e-05
115,1.40269e-05
116,4.00583e-06
117,8.01402e-06
118,8.01402e-06
119,1.80351e-05
120,1.20222e-05
121,1.40269e-05
122,1.00187e-05
123,1.60316e-05
124,6.00934e-06
125,2.20444e-05
126,1.80351e-05
127,2.20444e-05
128,1.60316e-05
129,1.80351e-05
130,1.40269e-05
131,1.80351e-05
132,8.01402e-06
133,1.80351e-05
134,1.80351e-05
135,2.80573e-05
136,2.60526e-05
137,3.00608e-05
138,2.40479e-05
139,3.60736e-05
140,3.20655e-05
141,3.40701e-05
142,3.80783e-05
143,3.40701e-05
144,3.60736e-05
145,3.80783e-05
146,4.20865e-05
147,4.60958e-05
148,4.60958e-05
149,4.60958e-05
150,6.01251e-05
151,6.01251e-05
152,6.61379e-05
153,6.61379e-05
154,6.61379e-05
155,6.81426e-05
156,8.41765e-05
157,7.41555e-05
158,7.21508e-05
159,8.61812e-05
160,9.01894e-05
161,8.61812e-05
162,9.41975e-05
163,9.62022e-05
164,0.000102215
165,9.41975e-05
166,0.000110233
167,0.000108228
168,0.000118249
169,0.000120254
170,0.000116245
171,0.000120254
172,0.000122258
173,0.000134284
174,0.000130275
175,0.000126267
176,0.000138292
177,0.000144305
178,0.000148313
179,0.000144305
180,0.000152321
181,0.000158334
182,0.000154326
183,0.000160339
184,0.000166352
185,0.000168357
186,0.000160339
187,0.000172365
188,0.000176373
189,0.000174369
190,0.000180382
191,0.000180382
192,0.000190403
193,0.000194411
194,0.000198421
195,0.000206437
196,0.000206437
197,0.000202429
198,0.000210447
199,0.000218463
200,0.000218463
201,0.000224476
202,0.000218463
203,0.000220468
204,0.000222472
205,0.000236501
206,0.000236501
207,0.000242514
208,0.000234497
209,0.000238506
210,0.000250532
211,0.000250532
212,0.000256545
213,0.000260553
214,0.000266566
215,0.00025454
216,0.000264561
217,0.000270574
218,0.000266566
219,0.000278591
220,0.0002826
221,0.000278591
222,0.000288613
223,0.000286609
224,0.000292622
225,0.000286609
226,0.00029663
227,0.000292622
228,0.000300638
229,0.000308656
230,0.000300638
231,0.000318677
232,0.000316672
233,0.000322685
234,0.000316672
235,0.000318677
236,0.000332707
237,0.000330703
238,0.00033872
239,0.000340724
240,0.00033872
241,0.000346736
242,0.000350746
243,0.000354754
244,0.000348741
245,0.000350746
246,0.000358762
247,0.000360767
248,0.00036678
249,0.00036678
250,0.000378805
251,0.00036678
252,0.000382814
253,0.000386823
254,0.000386823
255,0.000382814
256,0.000384818
257,0.000396844
258,0.000390831
259,0.000394839
260,0.000402857
261,0.000412878
262,0.000410873
263,0.00040887
264,0.000416886
265,0.000422899
266,0.000422899
267,0.000430916
268,0.000426908
269,0.000434925
270,0.000442942
271,0.000438934
272,0.000448955
273,0.000442942
274,0.000448955
275,0.000452963
276,0.000456973
277,0.000456973
278,0.000456973
279,0.000460981
280,0.000464989
281,0.00047501
282,0.000477015
283,0.000466994
284,0.00047501
285,0.000481023
286,0.000485032
287,0.000485032
288,0.00048904
289,0.000499061
290,0.000497058
291,0.000501066
292,0.000499061
293,0.000503071
294,0.000499061
295,0.000511087
296,0.000519105
297,0.000513092
298,0.000521109
299,0.000527122
300,0.00053113
301,0.000529126
302,0.000537143
303,0.000541151
304,0.000543156
305,0.000537143
306,0.000547164
307,0.000549169
308,0.000557185
309,0.000553177
310,0.000557185
311,0.000569211
312,0.000569211
313,0.000579233
314,0.000565203
315,0.000571216
316,0.000567208
317,0.000585246
318,0.000589254
319,0.000585246
320,0.000581237
321,0.00060128
322,0.000593262
323,0.000597272
324,0.000607293
325,0.000607293
326,0.000603285
327,0.00061531
328,0.000617314
329,0.000619319
330,0.00061531
331,0.000627336
332,0.000621323
333,0.000631344
334,0.000635353
335,0.000635353
336,0.000645374
337,0.000635353
338,0.000647378
339,0.000649383
340,0.000647378
341,0.000661409
342,0.000655396
343,0.000661409
344,0.000667421
345,0.00067143
346,0.000679447
347,0.000669425
348,0.000675438
349,0.000683455
350,0.000689468
351,0.000683455
352,0.000691473
353,0.000693476
354,0.000699489
355,0.000695481
356,0.000701494
357,0.000709511
358,0.000711515
359,0.000715523
360,0.000715523
361,0.000709511
362,0.000725545
363,0.000727549
364,0.000729554
365,0.000729554
366,0.000733562
367,0.000739575
368,0.000741579
369,0.000743584
370,0.000749597
371,0.0007516
372,0.000749597
373,0.000753605
374,0.000767635
375,0.000761623
376,0.000761623
377,0.000761623
378,0.000767635
379,0.000777656
380,0.000771644
381,0.000771644
382,0.000787677
383,0.000787677
384,0.000791687
385,0.000787677
386,0.000787677
387,0.000795695
388,0.000799703
389,0.000799703
390,0.000805716
391,0.000807721
392,0.000813734
393,0.000811729
394,0.000817742
395,0.000819746
396,0.000823755
397,0.000823755
398,0.000833776
399,0.000841793
400,0.000843798
401,0.000843798
402,0.000851814
403,0.000853819
404,0.000851814
405,0.000855824
406,0.00086384
407,0.000857827
408,0.00086384
409,0.000871858
410,0.000867849
411,0.000871858
412,0.000881879
413,0.00087787
414,0.00087787
415,0.000883883
416,0.0008919
417,0.000889896
418,0.000895909
419,0.000895909
420,0.000893904
421,0.000899917
422,0.000907935
423,0.000913948
424,0.000909938
425,0.00091996
426,0.000913948
427,0.000917956
428,0.000927977
429,0.000935994
430,0.000929981
431,0.000931986
432,0.000940002
433,0.000944012
434,0.000952028
435,0.000950025
436,0.000950025
437,0.000952028
438,0.000956036
439,0.000950025
440,0.000958041
441,0.000952028
442,0.000958041
443,0.000970067
444,0.000980088
445,0.000980088
446,0.000978084
447,0.000986101
448,0.000986101
449,0.000994118
450,0.000988105
451,0.000994118
452,0.00100013
453,0.00101216
454,0.00100815
455,0.00101616
456,0.00100815
457,0.00101817
458,0.00101616
459,0.00102218
460,0.00102619
461,0.0010322
462,0.0010322
463,0.00103621
464,0.00103621
465,0.00104022
466,0.00104222
467,0.00104222
468,0.00105625
469,0.00105224
470,0.00105825
471,0.00106427
472,0.00105825
473,0.00106828
474,0.00106627
475,0.00107028
476,0.00107028
477,0.0010783
478,0.0010803
479,0.00109032
480,0.00108231
481,0.00108231
482,0.00108231
483,0.00109433
484,0.00110034
485,0.00110034
486,0.00110235
487,0.00111037
488,0.00110836
489,0.00110836
490,0.00111638
491,0.00112239
492,0.00111838
493,0.00112239
494,0.00113041
495,0.0011264
496,0.00113442
497,0.00113442
498,0.00113843
499,0.00114244
500,0.00114244
501,0.00114644
502,0.00115045
503,0.00115045
504,0.00115646
505,0.00116448
506,0.00116649
507,0.00117049
508,0.0011745
509,0.00117651
510,0.00117651
511,0.00118653
512,0.00118452
513,0.00118452
514,0.00119254
515,0.00118853
516,0.00120056
517,0.00119855
518,0.00120256
519,0.00120657
520,0.00120256
521,0.00120858
522,0.00121659
523,0.00121258
524,0.00122461
525,0.00122661
526,0.00123062
527,0.00122261
528,0.00124064
529,0.00123463
530,0.00123864
531,0.00124465
532,0.00124666
533,0.00125267
534,0.00125868
535,0.00125467
536,0.00125067
537,0.00126269
538,0.0012687
539,0.00127271
540,0.0012667
541,0.00127472
542,0.00128273
543,0.00127472
544,0.00128674
545,0.00129075
546,0.00128875
547,0.00129276
548,0.00129476
549,0.00129877
550,0.00129877
551,0.00130679
552,0.00130478
553,0.0013128
554,0.0013128
555,0.00131079
556,0.0013148
557,0.00132683
558,0.00132282
559,0.00133284
560,0.00132683
561,0.00133685
562,0.00133485
563,0.00134487
564,0.00134687
565,0.00134286
566,0.00134487
567,0.00135088
568,0.00135689
569,0.00136691
570,0.00136491
571,0.00135489
572,0.00135689
573,0.00137694
574,0.00137092
575,0.00138495
576,0.00138295
577,0.00138295
578,0.00138696
579,0.00139297
580,0.00138896
581,0.00140099
582,0.00139497
583,0.00139898
584,0.001409
585,0.001409
586,0.001407
587,0.00141903
588,0.00141301
589,0.00142504
590,0.00142504
591,0.00142704
592,0.00143105
593,0.00143706
594,0.00143706
595,0.00143706
596,0.00143907
597,0.00144708
598,0.00145109
599,0.00144909
600,0.00145711
601,0.00144708
602,0.00146111
603,0.00146512
604,0.00146312
605,0.00147514
606,0.00147514
607,0.00148116
608,0.00147514
609,0.00147715
610,0.00149719
611,0.00148717
612,0.00149719
613,0.00149318
614,0.00149719
615,0.0015012
616,0.0015032
617,0.00150521
618,0.00150721
619,0.00151723
620,0.00151924
621,0.00151924
622,0.00152525
623,0.00152926
624,0.00152726
625,0.00154129
626,0.00152926
627,0.00154329
628,0.00153527
629,0.0015473
630,0.0015493
631,0.0015493
632,0.00156133
633,0.00155532
634,0.00156534
635,0.00155932
636,0.00156935
637,0.00156333
638,0.00157135
639,0.00157736
640,0.00158137
641,0.00158738
642,0.00157937
643,0.00158738
644,0.00158939
645,0.00159741
646,0.0015954
647,0.00159741
648,0.0015934
649,0.00160342
650,0.00160342
651,0.00161745
652,0.00161945
653,0.00162146
654,0.00161544
655,0.00162346
656,0.00162346
657,0.00162346
658,0.00163348
659,0.0016395
660,0.0016415
661,0.0016395
662,0.00164751
663,0.00165152
664,0.00165353
665,0.00164751
666,0.00165152
667,0.00165152
668,0.00166555
669,0.00166755
670,0.00166755
671,0.00167357
672,0.00167156
673,0.00167557
674,0.00167758
675,0.00168559
676,0.00168159
677,0.0016896
678,0.00169561
679,0.00169561
680,0.00169762
681,0.00170163
682,0.00170363
683,0.00170363
684,0.00171165
685,0.00171365
686,0.00171365
687,0.00171365
688,0.00172969
689,0.00172167
690,0.00172368
691,0.0017357
692,0.0017357
693,0.00173971
694,0.00174372
695,0.00174973
696,0.00174973
697,0.00175374
698,0.00175975
699,0.00175775
700,0.00176576
701,0.00176176
702,0.00176977
703,0.00176777
704,0.00175975
705,0.00177779
706,0.00177779
707,0.00177178
708,0.00178581
709,0.00177979
710,0.00178781
711,0.00179783
712,0.00179382
713,0.00179182
714,0.00180785
715,0.00180585
716,0.00180385
717,0.00180385
718,0.00181387
719,0.00181186
720,0.00181788
721,0.00181186
722,0.00181988
723,0.00182589
724,0.0018279
725,0.0018299
726,0.00183591
727,0.00183792
728,0.00184193
729,0.00184193
730,0.00185195
731,0.00185395
732,0.00185796
733,0.00185997
734,0.00186598
735,0.00185596
736,0.00185997
737,0.00186999
738,0.00186798
739,0.00187199
740,0.001878
741,0.00188402
742,0.00188001
743,0.00188803
744,0.00189404
745,0.00189805
746,0.00189404
747,0.00189203
748,0.00190005
749,0.00190807
750,0.00190406
751,0.00191609
752,0.00190606
753,0.00191609
754,0.00191809
755,0.00192009
756,0.00191809
757,0.00193613
758,0.00193412
759,0.00193212
760,0.00194214
761,0.00193613
762,0.00194415
763,0.00194815
764,0.00195216
765,0.00196419
766,0.00195216
767,0.00196419
768,0.00196018
769,0.00196619
770,0.00196419
771,0.00197421
772,0.00197421
773,0.00198223
774,0.00198423
775,0.00198022
776,0.00198824
777,0.00199425
778,0.00199425
779,0.00199425
780,0.00200026
781,0.00200427
782,0.00200628
783,0.00201029
784,0.00201229
785,0.0020163
786,0.00202632
787,0.00202031
788,0.00202432
789,0.00203233
790,0.00202632
791,0.00203634
792,0.00203233
793,0.00203634
794,0.00204235
795,0.00204436
796,0.00205438
797,0.00205238
798,0.00205839
799,0.0020624
800,0.00206641
801,0.0020644
802,0.0020624
803,0.00206841
804,0.00207843
805,0.00207242
806,0.00208044
807,0.00208244
808,0.00208645
809,0.00209046
810,0.00208845
811,0.00209847
812,0.00209246
813,0.00210649
814,0.00209647
815,0.00210449
816,0.0021085
817,0.00210649
818,0.00212253
819,0.0021125
820,0.00212453
821,0.00213255
822,0.00212854
823,0.00213054
824,0.00213255
825,0.00213856
826,0.00213656
827,0.00213856
828,0.00214257
829,0.00215059
830,0.00214658
831,0.00216061
832,0.0021586
833,0.00217063
834,0.00217263
835,0.00216662
836,0.00217263
837,0.00218065
838,0.00217865
839,0.00217464
840,0.00217865
841,0.00218466
842,0.00218065
843,0.00219468
844,0.00219067
845,0.00219869
846,0.0022027
847,0.0022047
848,0.00221272
849,0.00221472
850,0.00221472
851,0.00221071
852,0.00221873
853,0.00222474
854,0.00222474
855,0.00223076
856,0.00223076
857,0.00223476
858,0.00224078
859,0.00224679
860,0.00224078
861,0.0022528
862,0.00224479
863,0.00225882
864,0.0022488
865,0.00225882
866,0.00226283
867,0.00226283
868,0.00226683
869,0.00226884
870,0.00227685
871,0.00227285
872,0.00227886
873,0.00228487
874,0.00228888
875,0.00229089
876,0.00229289
877,0.0022989
878,0.00230091
879,0.00230291
880,0.00229489
881,0.00230091
882,0.00230492
883,0.00230892
884,0.00231293
885,0.00232696
886,0.00232095
887,0.00232295
888,0.00233899
889,0.00232897
890,0.00233498
891,0.00233899
892,0.00233899
893,0.00233698
894,0.002343
895,0.002343
896,0.002347
897,0.00235502
898,0.00235703
899,0.00236705
900,0.00236103
901,0.00236905
902,0.00237507
903,0.00237306
904,0.00237106
905,0.00237707
906,0.00238108
907,0.00239511
908,0.0023931
909,0.0023931
910,0.0023931
911,0.00240112
912,0.00240713
913,0.00240914
914,0.00240713
915,0.00241515
916,0.00241315
917,0.00241715
918,0.00242517
919,0.00242517
920,0.00242718
921,0.00242918
922,0.00242718
923,0.00243319
924,0.00244321
925,0.00243319
926,0.00244722
927,0.00245323
928,0.00245123
929,0.00246726
930,0.00245924
931,0.00246325
932,0.00246726
933,0.00247528
934,0.00247127
935,0.00247327
936,0.0024833
937,0.0024853
938,0.00248129
939,0.00248931
940,0.00249332
941,0.00248931
942,0.00250133
943,0.00249332
944,0.00250534
945,0.00250935
946,0.00250735
947,0.00251937
948,0.00250735
949,0.00251937
950,0.00252338
951,0.00252539
952,0.00252539
953,0.00252338
954,0.00252939
955,0.00253541
956,0.0025334
957,0.00254142
958,0.00253942
959,0.00254543
960,0.00254944
961,0.00254944
962,0.00255745
963,0.00256146
964,0.00255946
965,0.00256748
966,0.00256748
967,0.00257148
968,0.0025795
969,0.0025795
970,0.0025795
971,0.00258952
972,0.00259153
973,0.00258551
974,0.00259554
975,0.00259353
976,0.00259954
977,0.00260556
978,0.00261157
979,0.00261558
980,0.00261558
981,0.00261357
982,0.00261959
983,0.00262359
984,0.00262159
985,0.00262961
986,0.0026276
987,0.00263161
988,0.00263963
989,0.00263763
990,0.00263963
991,0.00264765
992,0.00264564
993,0.00265767
994,0.00265566
995,0.00265165
996,0.00265967
997,0.00266368
998,0.00266769
999,0.0026737
1000,0.00266568
1001,0.0026737
1002,0.00267972
1003,0.00267972
1004,0.00267771
1005,0.00268372
1006,0.00268974
1007,0.00269575
1008,0.00269976
1009,0.00269775
1010,0.00270978
1011,0.00270577
1012,0.00270978
1013,0.00270978
1014,0.0027178
1015,0.00271379
1016,0.00272982
1017,0.00272381
1018,0.00272982
1019,0.00273183
1020,0.00273583
1021,0.00273784
1022,0.00273583
1023,0.00275387
1024,0.00274586
1025,0.00275187
1026,0.00275788
1027,0.00276189
1028,0.00274986
1029,0.00276389
1030,0.0027659
1031,0.00277392
1032,0.00277592
1033,0.00277592
1034,0.00277392
1035,0.00278394
1036,0.00277993
1037,0.00278795
1038,0.00279195
1039,0.00278995
1040,0.00279396
1041,0.00279596
1042,0.00280398
1043,0.002812
1044,0.00280999
1045,0.002814
1046,0.002814
1047,0.002816
1048,0.00282402
1049,0.00282603
1050,0.00281801
1051,0.00282803
1052,0.00283404
1053,0.00283404
1054,0.00283404
1055,0.00284006
1056,0.00285008
1057,0.00284407
1058,0.00285409
1059,0.0028621
1060,0.00285008
1061,0.0028601
1062,0.00287012
1063,0.0028621
1064,0.00287012
1065,0.00287213
1066,0.00287613
1067,0.00288215
1068,0.00288415
1069,0.00288215
1070,0.00289016
1071,0.00288615
1072,0.00289217
1073,0.00289818
1074,0.00290219
1075,0.00290219
1076,0.00289818
1077,0.00291221
1078,0.0029062
1079,0.00291622
1080,0.00291622
1081,0.00293025
1082,0.00292824
1083,0.00292824
1084,0.00293225
1085,0.00293426
1086,0.00294027
1087,0.00293626
1088,0.00294829
1089,0.00294628
1090,0.00294829
1091,0.00295831
1092,0.0029543
1093,0.00295831
1094,0.00296432
1095,0.0029563
1096,0.00296633
1097,0.00296232
1098,0.00297434
1099,0.00298236
1100,0.00297835
1101,0.00298436
1102,0.00299439
1103,0.00298637
1104,0.00299439
1105,0.00299238
1106,0.00299839
1107,0.00300641
1108,0.00300641
1109,0.00301042
1110,0.00302044
1111,0.00301242
1112,0.00301443
1113,0.00302044
1114,0.00302445
1115,0.00302846
1116,0.00303648
1117,0.00303046
1118,0.00304048
1119,0.00304249
1120,0.00304449
1121,0.00304249
1122,0.00305051
1123,0.00305051
1124,0.00305451
1125,0.00305852
1126,0.00306253
1127,0.00305852
1128,0.00307055
1129,0.00306854
1130,0.00306654
1131,0.00308057
1132,0.00308658
1133,0.00308057
1134,0.00308057
1135,0.00308859
1136,0.0030966
1137,0.0030926
1138,0.0030946
1139,0.00310262
1140,0.00310262
1141,0.00310262
1142,0.00310863
1143,0.00311063
1144,0.00311063
1145,0.00312466
1146,0.00312065
1147,0.00311464
1148,0.00312667
1149,0.00313469
1150,0.00312667
1151,0.00314471
1152,0.0031427
1153,0.0031427
1154,0.00314872
1155,0.00315072
1156,0.00315272
1157,0.00315673
1158,0.00316675
1159,0.00316274
1160,0.00316074
1161,0.00317678
1162,0.00317277
1163,0.00316876
1164,0.00317076
1165,0.00318279
1166,0.00318479
1167,0.0031868
1168,0.00319281
1169,0.00319081
1170,0.00319682
1171,0.00320083
1172,0.00320083
1173,0.00320483
1174,0.00320083
1175,0.00322087
1176,0.00321486
1177,0.00321686
1178,0.00321285
1179,0.00322889
1180,0.00322488
1181,0.00322688
1182,0.0032369
1183,0.0032349
1184,0.00324091
1185,0.00324292
1186,0.00324693
1187,0.00324091
1188,0.00324693
1189,0.00324492
1190,0.00326096
1191,0.00326496
1192,0.00326496
1193,0.00326897
1194,0.00327098
1195,0.00327298
1196,0.00327298
1197,0.00327699
1198,0.003281
1199,0.00328701
1200,0.00329503
1201,0.00329302
1202,0.00329102
1203,0.00330304
1204,0.00328902
1205,0.00330705
1206,0.00330705
1207,0.00330705
1208,0.00331908
1209,0.00331307
1210,0.0033291
1211,0.0033271
1212,0.00332108
1213,0.0033311
1214,0.0033291
1215,0.0033291
1216,0.00334113
1217,0.00334113
1218,0.00334513
1219,0.00335115
1220,0.00334714
1221,0.00335516
1222,0.00336117
1223,0.00336117
1224,0.00336117
1225,0.00336718
1226,0.00336518
1227,0.00337319
1228,0.00337319
1229,0.0033772
1230,0.00338522
1231,0.00337921
1232,0.00338722
1233,0.00338923
1234,0.00339524
1235,0.00340125
1236,0.00340326
1237,0.00339324
1238,0.00340927
1239,0.00341528
1240,0.00341128
1241,0.00341528
1242,0.00341328
1243,0.00341929
1244,0.0034233
1245,0.00342731
1246,0.00343733
1247,0.00343332
1248,0.00343533
1249,0.00344134
1250,0.00343733
1251,0.00344334
1252,0.00344735
1253,0.00344535
1254,0.00345136
1255,0.00345737
1256,0.0034694
1257,0.00346539
1258,0.0034694
1259,0.00347341
1260,0.00348143
1261,0.00347541
1262,0.00348744
1263,0.00348343
1264,0.00349145
1265,0.00348944
1266,0.00349145
1267,0.00349546
1268,0.00350948
1269,0.00349746
1270,0.00351149
1271,0.00351149
1272,0.00351149
1273,0.0035155
1274,0.00352151
1275,0.00352552
1276,0.00351951
1277,0.00351951
1278,0.00352552
1279,0.00353354
1280,0.00354356
1281,0.00353554
1282,0.00353153
1283,0.00354356
1284,0.00354957
1285,0.00355759
1286,0.00355358
1287,0.00355358
1288,0.00355157
1289,0.0035636
1290,0.00356961
1291,0.00356761
1292,0.00357563
1293,0.00357563
1294,0.00357963
1295,0.00358966
1296,0.00357763
1297,0.00358565
1298,0.00358565
1299,0.00359366
1300,0.00359366
1301,0.00359767
1302,0.00360369
1303,0.00360769
1304,0.00359567
1305,0.00361371
1306,0.00360769
1307,0.00362573
1308,0.00362172
1309,0.00363175
1310,0.00362774
1311,0.00363175
1312,0.00363375
1313,0.00363976
1314,0.00364177
1315,0.00364578
1316,0.00364377
1317,0.00364978
1318,0.00364978
1319,0.00366381
1320,0.0036558
1321,0.00366381
1322,0.00366381
1323,0.00367384
1324,0.00367985
1325,0.00367183
1326,0.00367584
1327,0.00368386
1328,0.00367985
1329,0.00369388
1330,0.00369388
1331,0.00369989
1332,0.00369388
1333,0.00369789
1334,0.00369588
1335,0.0037039
1336,0.0037059
1337,0.00371793
1338,0.00372595
1339,0.00371793
1340,0.00372394
1341,0.00372595
1342,0.00372595
1343,0.00373196
1344,0.00373396
1345,0.00374799
1346,0.00375
1347,0.00373797
1348,0.00374799
1349,0.00374799
1350,0.00374799
1351,0.00375601
1352,0.00376002
1353,0.00376002
1354,0.00376002
1355,0.00377405
1356,0.00377204
1357,0.00378006
1358,0.00377605
1359,0.00378407
1360,0.0037981
1361,0.00378808
1362,0.00379008
1363,0.00378808
1364,0.0037961
1365,0.00380411
1366,0.00380812
1367,0.00380612
1368,0.00380812
1369,0.00381413
1370,0.00381614
1371,0.00381614
1372,0.00381814
1373,0.00381814
1374,0.00383017
1375,0.00383418
1376,0.00383217
1377,0.0038442
1378,0.00383618
1379,0.0038442
1380,0.0038462
1381,0.00384821
1382,0.00385823
1383,0.00385222
1384,0.00385622
1385,0.00386224
1386,0.00386224
1387,0.00386625
1388,0.00386625
1389,0.00387026
1390,0.00387827
1391,0.00387827
1392,0.00388629
1393,0.00389431
1394,0.00388829
1395,0.0038903
1396,0.0038903
1397,0.00390232
1398,0.00389631
1399,0.00390032
1400,0.00390834
1401,0.00390633
1402,0.00391435
1403,0.00391235
1404,0.00392637
1405,0.00392036
1406,0.00392036
1407,0.00392838
1408,0.00393038
1409,0.00393239
1410,0.00394441
1411,0.0039364
1412,0.00394441
1413,0.00395844
1414,0.00395243
1415,0.00394642
1416,0.00396646
1417,0.00395644
1418,0.00396045
1419,0.00395443
1420,0.00396045
1421,0.00397648
1422,0.00397849
1423,0.00397448
1424,0.00397849
1425,0.0039865
1426,0.00399452
1427,0.0039845
1428,0.00399853
1429,0.00399652
1430,0.00399252
1431,0.00401055
1432,0.00400454
1433,0.00401055
1434,0.00400655
1435,0.00401256
1436,0.00401256
1437,0.00402258
1438,0.00403661
1439,0.00403661
1440,0.00403661
1441,0.0040306
1442,0.00403861
1443,0.0040326
1444,0.00404262
1445,0.00404262
1446,0.00404864
1447,0.00405064
1448,0.00405465
1449,0.00406667
1450,0.00406467
1451,0.00407068
1452,0.0040787
1453,0.00406467
1454,0.00407469
1455,0.0040787
1456,0.00408672
1457,0.00408872
1458,0.00408471
1459,0.00409473
1460,0.00409073
1461,0.00409073
1462,0.00410275
1463,0.00410075
1464,0.00410476
1465,0.00410476
1466,0.00411277
1467,0.0041268
1468,0.00411678
1469,0.00411678
1470,0.00412881
1471,0.00412279
1472,0.00413282
1473,0.00412881
1474,0.00413482
1475,0.00414685
1476,0.00414885
1477,0.00414885
1478,0.00414685
1479,0.00415687
1480,0.00416288
1481,0.00415286
1482,0.00416689
1483,0.00416087
1484,0.00416889
1485,0.0041729
1486,0.00417691
1487,0.00417691
1488,0.00417891
1489,0.00418292
1490,0.00418693
1491,0.00418693
1492,0.00419094
1493,0.00419094
1494,0.00420296
1495,0.00420096
1496,0.00420096
1497,0.00420296
1498,0.00421098
1499,0.00421299
1500,0.00421499
1501,0.00421299
1502,0.004219
1503,0.00422501
1504,0.00422702
1505,0.00423503
1506,0.00423102
1507,0.00424105
1508,0.00424706
1509,0.00424505
1510,0.00424105
1511,0.00425508
1512,0.00425307
1513,0.00425508
1514,0.00425508
1515,0.0042671
1516,0.00425708
1517,0.00427111
1518,0.00427512
1519,0.0042671
1520,0.00427311
1521,0.00428314
1522,0.00429115
1523,0.00429115
1524,0.00429316
1525,0.00429516
1526,0.00429717
1527,0.00429717
1528,0.00430518
1529,0.0043132
1530,0.0043112
1531,0.0043152
1532,0.0043132
1533,0.0043152
1534,0.00432322
1535,0.00432122
1536,0.00431921
1537,0.00432923
1538,0.00433926
1539,0.00433324
1540,0.00433725
1541,0.00434527
1542,0.00434527
1543,0.00435128
1544,0.00435329
1545,0.00435329
1546,0.00435529
1547,0.00436331
1548,0.00436932
1549,0.00436932
1550,0.00437333
1551,0.00437533
1552,0.00437734
1553,0.00437934
1554,0.00438936
1555,0.00437734
1556,0.00438736
1557,0.00438936
1558,0.00439938
1559,0.00440139
1560,0.0044054
1561,0.00440941
1562,0.00441141
1563,0.00440941
1564,0.00441742
1565,0.00441742
1566,0.00442744
1567,0.00441742
1568,0.00442945
1569,0.00443546
1570,0.00443145
1571,0.00443546
1572,0.00443346
1573,0.00443546
1574,0.00444348
1575,0.00444949
1576,0.00444949
1577,0.0044555
1578,0.0044555
1579,0.00445951
1580,0.00446552
1581,0.00446152
1582,0.00447555
1583,0.00447956
1584,0.00447354
1585,0.00447755
1586,0.00448156
1587,0.00448356
1588,0.00448356
1589,0.00448356
1590,0.00449158
1591,0.0044996
1592,0.00450361
1593,0.00450561
1594,0.00450561
1595,0.00451563
1596,0.00451563
1597,0.00451162
1598,0.00451764
1599,0.00452164
1600,0.00452365
1601,0.00453167
1602,0.00453367
1603,0.00454369
1604,0.00453768
1605,0.00455371
1606,0.00454169
1607,0.00455371
1608,0.00455371
1609,0.00455572
1610,0.00456574
1611,0.00455371
1612,0.00456173
1613,0.00456574
1614,0.00456574
1615,0.00457777
1616,0.00457576
1617,0.00457977
1618,0.00457977
1619,0.00458177
1620,0.00458979
1621,0.0045938
1622,0.00460382
1623,0.00460181
1624,0.00459981
1625,0.00460382
1626,0.00460181
1627,0.00461384
1628,0.00460582
1629,0.00461585
1630,0.00461785
1631,0.00461384
1632,0.00462787
1633,0.00462988
1634,0.00463589
1635,0.0046399
1636,0.00463589
1637,0.00464591
1638,0.00464591
1639,0.00464591
1640,0.00465794
1641,0.00465794
1642,0.00466595
1643,0.00466194
1644,0.00466796
1645,0.00466595
1646,0.00466194
1647,0.00466996
1648,0.00467798
1649,0.00468199
1650,0.00468399
1651,0.004688
1652,0.00468599
1653,0.00469802
1654,0.00469201
1655,0.00469
1656,0.00470203
1657,0.00470003
1658,0.00471205
1659,0.00471406
1660,0.00470804
1661,0.00470604
1662,0.00472007
1663,0.00471406
1664,0.00472408
1665,0.00473209
1666,0.00472608
1667,0.00472608
1668,0.0047341
1669,0.00474212
1670,0.00474011
1671,0.00474412
1672,0.00475614
1673,0.00475414
1674,0.00475214
1675,0.00476416
1676,0.00476817
1677,0.00476817
1678,0.00477218
1679,0.00476817
1680,0.00477819
1681,0.0047822
1682,0.0047822
1683,0.0047842
1684,0.00478821
1685,0.00479222
1686,0.00479222
1687,0.00479423
1688,0.00479824
1689,0.00480024
1690,0.00480425
1691,0.00481427
1692,0.00481627
1693,0.00481026
1694,0.00482429
1695,0.00482229
1696,0.0048303
1697,0.0048303
1698,0.00483832
1699,0.00483231
1700,0.00484032
1701,0.00483832
1702,0.00485035
1703,0.00485235
1704,0.00484433
1705,0.00485235
1706,0.00485836
1707,0.00486237
1708,0.00486438
1709,0.00486438
1710,0.00486839
1711,0.00486638
1712,0.0048764
1713,0.00487841
1714,0.00488642
1715,0.00488843
1716,0.00489043
1717,0.00489845
1718,0.00489845
1719,0.00490246
1720,0.00490246
1721,0.00490446
1722,0.00491047
1723,0.0049205
1724,0.00490847
1725,0.0049205
1726,0.0049205
1727,0.00491849
1728,0.0049245
1729,0.00493052
1730,0.00493252
1731,0.00493853
1732,0.00493453
1733,0.00494655
1734,0.00494856
1735,0.00494254
1736,0.00495056
1737,0.00494655
1738,0.00495858
1739,0.00496659
1740,0.00496459
1741,0.00496058
1742,0.00497261
1743,0.00497662
1744,0.0049706
1745,0.00498263
1746,0.00498463
1747,0.00498864
1748,0.00498263
1749,0.00499666
1750,0.00498864
1751,0.00499465
1752,0.00500267
1753,0.00499465
1754,0.00501269
1755,0.00500868
1756,0.0050167
1757,0.0050147
1758,0.00502271
1759,0.00502873
1760,0.00502873
1761,0.00502271
1762,0.00502071
1763,0.00503474
1764,0.00503474
1765,0.00504677
1766,0.00503875
1767,0.00504677
1768,0.00505077
1769,0.00505679
1770,0.00505879
1771,0.0050648
1772,0.00506079
1773,0.00506881
1774,0.0050648
1775,0.00507683
1776,0.00506881
1777,0.00508485
1778,0.00508284
1779,0.00507883
1780,0.00507883
1781,0.00508886
1782,0.00508685
1783,0.00508485
1784,0.00509888
1785,0.00510088
1786,0.0051089
1787,0.0051089
1788,0.00511291
1789,0.00511692
1790,0.00511491
1791,0.0051109
1792,0.00512293
1793,0.00513696
1794,0.00512694
1795,0.00513094
1796,0.00513696
1797,0.00513896
1798,0.00513896
1799,0.00514297
1800,0.00515099
1801,0.00515099
1802,0.00515099
1803,0.00515099
1804,0.005157
1805,0.005159
1806,0.00517303
1807,0.00517704
1808,0.00517704
1809,0.00518506
1810,0.00517905
1811,0.00518105
1812,0.00518306
1813,0.00519308
1814,0.00519508
1815,0.00518707
1816,0.0052031
1817,0.00519107
1818,0.00520911
1819,0.00520911
1820,0.0052051
1821,0.00520711
1822,0.00521312
1823,0.00521913
1824,0.00522114
1825,0.00523517
1826,0.00522715
1827,0.00522514
1828,0.00523517
1829,0.00523517
1830,0.00523918
1831,0.00523918
1832,0.0052492
1833,0.0052512
1834,0.00525321
1835,0.00525321
1836,0.00525722
1837,0.00525922
1838,0.00525521
1839,0.00526724
1840,0.00527525
1841,0.00528127
1842,0.00527726
1843,0.00527726
1844,0.00528527
1845,0.00529329
1846,0.00528928
1847,0.00528728
1848,0.0052993
1849,0.00530131
1850,0.00530331
1851,0.0052973
1852,0.00530933
1853,0.00530933
1854,0.00532135
1855,0.00531935
1856,0.00532536
1857,0.00532336
1858,0.00532937
1859,0.00533338
1860,0.00533538
1861,0.00533538
1862,0.0053434
1863,0.0053434
1864,0.00534741
1865,0.00534941
1866,0.00536144
1867,0.00535142
1868,0.00535743
1869,0.00535943
1870,0.00536945
1871,0.00537346
1872,0.00537146
1873,0.00536745
1874,0.00536745
1875,0.00538348
1876,0.00538549
1877,0.00538749
1878,0.00538749
1879,0.00539551
1880,0.00539351
1881,0.0053915
1882,0.00539751
1883,0.00540553
1884,0.00539751
1885,0.00541154
1886,0.00541756
1887,0.00541154
1888,0.00542357
1889,0.00542357
1890,0.00542357
1891,0.00543159
1892,0.00543159
1893,0.00543359
1894,0.0054376
1895,0.00544361
1896,0.00544762
1897,0.00544962
1898,0.00544762
1899,0.00545764
1900,0.00546165
1901,0.00546766
1902,0.00546766
1903,0.00546165
1904,0.00546766
1905,0.00546967
1906,0.00547769
1907,0.00547568
1908,0.00547568
1909,0.00548169
1910,0.00549372
1911,0.00549372
1912,0.00549773
1913,0.00550174
1914,0.00549773
1915,0.00549773
1916,0.00550374
1917,0.00552178
1918,0.00550975
1919,0.00551176
1920,0.00551777
1921,0.00551977
1922,0.00552178
1923,0.00552378
1924,0.0055338
1925,0.00552979
1926,0.00554182
1927,0.00554984
1928,0.00554783
1929,0.00555184
1930,0.00554783
1931,0.00555385
1932,0.00555986
1933,0.00555986
1934,0.00555585
1935,0.00555986
1936,0.00556988
1937,0.00556988
1938,0.00557589
1939,0.00557589
1940,0.00558191
1941,0.00558592
1942,0.00559193
1943,0.00558792
1944,0.00559393
1945,0.00560195
1946,0.00560195
1947,0.00560195
1948,0.00559994
1949,0.00560796
1950,0.00560796
1951,0.00560796
1952,0.00560796
1953,0.00562199
1954,0.00562199
1955,0.00562801
1956,0.005624
1957,0.00563201
1958,0.00563402
1959,0.00564204
1960,0.00564003
1961,0.00565206
1962,0.00565406
1963,0.00566007
1964,0.00566208
1965,0.00565206
1966,0.00566208
1967,0.00566408
1968,0.00566809
1969,0.00566408
1970,0.00566809
1971,0.00568012
1972,0.00568212
1973,0.00568613
1974,0.00569014
1975,0.00569415
1976,0.00569014
1977,0.00569214
1978,0.00570016
1979,0.00569615
1980,0.00571018
1981,0.00570417
1982,0.00571619
1983,0.0057202
1984,0.0057202
1985,0.00571018
1986,0.00572221
1987,0.00573022
1988,0.00572221
1989,0.00573223
1990,0.00573423
1991,0.00574024
1992,0.00574626
1993,0.00574024
1994,0.00575027
1995,0.00575027
1996,0.00576029
1997,0.0057643
1998,0.00576229
1999,0.00577231
2000,0.00577432
2001,0.0057683
2002,0.00578234
2003,0.00577231
2004,0.00578234
2005,0.00578234
2006,0.00578434
2007,0.00578033
2008,0.00579236
2009,0.00579436
2010,0.00580037
2011,0.00579837
2012,0.00580238
2013,0.00581841
2014,0.00580438
2015,0.00581039
2016,0.00581641
2017,0.00580438
2018,0.00582042
2019,0.00581641
2020,0.00582843
2021,0.00583244
2022,0.00583444
2023,0.00583244
2024,0.00583244
2025,0.00584447
2026,0.00584447
2027,0.00584246
2028,0.00585248
2029,0.0058585
2030,0.00585449
2031,0.0058585
2032,0.00586251
2033,0.00586651
2034,0.00587654
2035,0.00586651
2036,0.00586852
2037,0.00588054
2038,0.00587854
2039,0.00589057
2040,0.00588856
2041,0.00589858
2042,0.00588856
2043,0.00589257
2044,0.00589658
2045,0.00591061
2046,0.00590059
2047,0.0059086
2048,0.00591261
2049,0.00591662
2050,0.00591261
2051,0.00592865
2052,0.00593065
2053,0.00593065
2054,0.00592865
2055,0.00592464
2056,0.00593666
2057,0.00594468
2058,0.00594067
2059,0.00594468
2060,0.00595671
2061,0.00594869
2062,0.0059547
2063,0.00596472
2064,0.00595671
2065,0.00596472
2066,0.00596472
2067,0.00596673
2068,0.00597474
2069,0.00597875
2070,0.00596873
2071,0.00597675
2072,0.00597474
2073,0.00598477
2074,0.0060028
2075,0.0059988
2076,0.00598877
2077,0.0060028
2078,0.0060028
2079,0.0060028
2080,0.00601283
2081,0.00601483
2082,0.00601684
2083,0.00602285
2084,0.00602084
2085,0.00602485
2086,0.00602886
2087,0.00603087
2088,0.00603087
2089,0.00603287
2090,0.00603688
2091,0.00603487
2092,0.00604489
2093,0.0060489
2094,0.00604489
2095,0.00605692
2096,0.00605492
2097,0.00605892
2098,0.00606494
2099,0.00607095
2100,0.00606494
2101,0.00607295
2102,0.00607295
2103,0.00607696
2104,0.00608699
2105,0.00608097
2106,0.00608298
2107,0.00608899
2108,0.00609099
2109,0.006093
2110,0.00609901
2111,0.00610502
2112,0.00610703
2113,0.00610703
2114,0.00610703
2115,0.00611705
2116,0.00611905
2117,0.00612106
2118,0.00612106
2119,0.00612106
2120,0.00612907
2121,0.00613308
2122,0.00613709
2123,0.00613108
2124,0.0061431
2125,0.00613509
2126,0.00614711
2127,0.00614711
2128,0.0061431
2129,0.00614711
2130,0.00615313
2131,0.00615313
2132,0.00615513
2133,0.00616114
2134,0.00616114
2135,0.00617117
2136,0.00616515
2137,0.00616515
2138,0.00616716
2139,0.00617117
2140,0.00617517
2141,0.00616916
2142,0.0061872
2143,0.0061892
2144,0.0061872
2145,0.0061852
2146,0.0061892
2147,0.00619922
2148,0.00619321
2149,0.00619722
2150,0.00619321
2151,0.00620724
2152,0.00620924
2153,0.00621325
2154,0.00621726
2155,0.00622127
2156,0.00621325
2157,0.00622327
2158,0.00621526
2159,0.00622127
2160,0.00622929
2161,0.0062353
2162,0.0062353
2163,0.00624532
2164,0.00624131
2165,0.00624933
2166,0.00625134
2167,0.00625334
2168,0.00625134
2169,0.00625534
2170,0.00625935
2171,0.00627138
2172,0.00625735
2173,0.00627338
2174,0.00627138
2175,0.00627539
2176,0.0062814
2177,0.0062814
2178,0.00628541
2179,0.00627939
2180,0.00628942
2181,0.00628541
2182,0.00628942
2183,0.00629142
2184,0.00630745
2185,0.00630144
2186,0.00629944
2187,0.00631146
2188,0.00631948
2189,0.00631748
2190,0.00631948
2191,0.00631748
2192,0.00633151
2193,0.00632549
2194,0.00633151
2195,0.00633552
2196,0.00633351
2197,0.00634754
2198,0.00634153
2199,0.00634554
2200,0.00634554
2201,0.00635756
2202,0.00636157
2203,0.00636758
2204,0.00635756
2205,0.00636959
2206,0.0063776
2207,0.0063756
2208,0.00636758
2209,0.00637359
2210,0.0063776
2211,0.00639163
2212,0.00638963
2213,0.00638963
2214,0.00639364
2215,0.00639364
2216,0.00639765
2217,0.00640767
2218,0.00640567
2219,0.00640366
2220,0.00641368
2221,0.00640967
2222,0.00640567
2223,0.0064197
2224,0.00642771
2225,0.00642571
2226,0.00642571
2227,0.00643573
2228,0.00642972
2229,0.00643372
2230,0.00643172
2231,0.00644575
2232,0.00644775
2233,0.00644575
2234,0.00645577
2235,0.00645778
2236,0.00644775
2237,0.00645176
2238,0.00646579
2239,0.00647582
2240,0.00646379
2241,0.00646579
2242,0.00648183
2243,0.00647982
2244,0.00648183
2245,0.00648183
2246,0.00648584
2247,0.00649385
2248,0.00649987
2249,0.00649786
2250,0.00649987
2251,0.00650989
2252,0.00650387
2253,0.0065139
2254,0.0065159
2255,0.00650989
2256,0.0065159
2257,0.0065179
2258,0.00652792
2259,0.00651991
2260,0.00652993
2261,0.00653193
2262,0.00653193
2263,0.00653995
2264,0.00654596
2265,0.00654997
2266,0.00655398
2267,0.00655599
2268,0.00654997
2269,0.00655398
2270,0.006562
2271,0.00655999
2272,0.00656801
2273,0.00657202
2274,0.00657202
2275,0.00657402
2276,0.00658204
2277,0.00659006
2278,0.00657803
2279,0.00659607
2280,0.00658605
2281,0.00659807
2282,0.0066081
2283,0.00660609
2284,0.00659807
2285,0.00661611
2286,0.0066081
2287,0.00661411
2288,0.0066101
2289,0.00661812
2290,0.00662814
2291,0.00662814
2292,0.00662814
2293,0.00664017
2294,0.00663616
2295,0.00663816
2296,0.00663816
2297,0.00664818
2298,0.00665019
2299,0.00665219
2300,0.00665019
2301,0.00665219
2302,0.00665019
2303,0.0066582
2304,0.00666021
2305,0.00667223
2306,0.00666221
2307,0.00666622
2308,0.00667424
2309,0.00668426
2310,0.00667825
2311,0.00669027
2312,0.00668426
2313,0.00668827
2314,0.00669228
2315,0.00669829
2316,0.00671032
2317,0.00669628
2318,0.00671232
2319,0.00671232
2320,0.00672234
2321,0.00672034
2322,0.00671432
2323,0.00672435
2324,0.00671633
2325,0.00672835
2326,0.00673437
2327,0.00673437
2328,0.00673437
2329,0.00673837
2330,0.00674038
2331,0.0067504
2332,0.0067484
2333,0.00675441
2334,0.0067524
2335,0.0067484
2336,0.00676643
2337,0.00675842
2338,0.00676443
2339,0.00677646
2340,0.00677245
2341,0.00677846
2342,0.00677846
2343,0.00677846
2344,0.00678447
2345,0.00678648
2346,0.00678648
2347,0.00680452
2348,0.00680051
2349,0.00680051
2350,0.00680251
2351,0.00680051
2352,0.00680852
2353,0.00681053
2354,0.00681253
2355,0.00681654
2356,0.00681654
2357,0.00682857
2358,0.00682656
2359,0.00682857
2360,0.00682857
2361,0.00684059
2362,0.00683458
2363,0.0068446
2364,0.00684861
2365,0.00684661
2366,0.00684861
2367,0.00686064
2368,0.00685663
2369,0.00686264
2370,0.00686465
2371,0.00687266
2372,0.00686665
2373,0.00687467
2374,0.00686665
2375,0.00687667
2376,0.00687667
2377,0.00687867
2378,0.0068927
2379,0.0068887
2380,0.0068927
2381,0.00690072
2382,0.00690272
2383,0.00690072
2384,0.00690272
2385,0.00691275
2386,0.00691475
2387,0.00690874
2388,0.00691876
2389,0.00691876
2390,0.00692477
2391,0.00692277
2392,0.00693079
2393,0.00693079
2394,0.0069368
2395,0.0069388
2396,0.00694482
2397,0.00694081
2398,0.00694482
2399,0.00694682
2400,0.00695484
2401,0.00695484
2402,0.00695885
2403,0.00695684
2404,0.00696686
2405,0.00696887
2406,0.00696887
2407,0.00697087
2408,0.00697488
2409,0.00697688
2410,0.00698089
2411,0.00699091
2412,0.00699091
2413,0.00699693
2414,0.00699893
2415,0.00699492
2416,0.00700895
2417,0.00700695
2418,0.00700695
2419,0.00701096
2420,0.00701296
2421,0.00701897
2422,0.00701897
2423,0.007029
2424,0.00703701
2425,0.007031
2426,0.00703501
2427,0.00704503
2428,0.00704302
2429,0.00704302
2430,0.00704904
2431,0.00704703
2432,0.00704703
2433,0.00704703
2434,0.00705104
2435,0.00706106
2436,0.00705906
2437,0.00706307
2438,0.00706707
2439,0.00707309
2440,0.00707309
2441,0.00707108
2442,0.00708511
2443,0.00708712
2444,0.00708311
2445,0.00709113
2446,0.00709915
2447,0.00709313
2448,0.00709514
2449,0.00709915
2450,0.00710516
2451,0.00710516
2452,0.00710315
2453,0.00711518
2454,0.00711518
2455,0.00712119
2456,0.0071252
2457,0.0071272
2458,0.00713522
2459,0.00713522
2460,0.00713923
2461,0.00714524
2462,0.00713923
2463,0.00713923
2464,0.00714725
2465,0.00714725
2466,0.00715727
2467,0.00715526
2468,0.00715526
2469,0.0071733
2470,0.00716328
2471,0.0071713
2472,0.00718132
2473,0.00717531
2474,0.00718332
2475,0.00719735
2476,0.00718733
2477,0.00719134
2478,0.00719134
2479,0.00719735
2480,0.00719735
2481,0.00720537
2482,0.00720337
2483,0.00720737
2484,0.00720737
2485,0.00721138
2486,0.00721339
2487,0.0072214
2488,0.0072194
2489,0.00723343
2490,0.00723343
2491,0.00723343
2492,0.00724546
2493,0.00723944
2494,0.00724145
2495,0.00723744
2496,0.00724145
2497,0.00724145
2498,0.00725147
2499,0.00725748
2500,0.00725748
2501,0.00726951
2502,0.0072655
2503,0.00727352
2504,0.00727352
2505,0.00727752
2506,0.00728153
2507,0.00728354
2508,0.00728755
2509,0.00728755
2510,0.00728554
2511,0.00728354
2512,0.00729757
2513,0.00729957
2514,0.00729556
2515,0.00730158
2516,0.00730358
2517,0.00730558
2518,0.0073136
2519,0.00731561
2520,0.00732362
2521,0.00732362
2522,0.00732964
2523,0.00732763
2524,0.00733164
2525,0.00733966
2526,0.00734367
2527,0.00734968
2528,0.00734166
2529,0.00734367
2530,0.00735168
2531,0.0073577
2532,0.00735569
2533,0.0073617
2534,0.00735569
2535,0.00737173
2536,0.00736772
2537,0.00736772
2538,0.00736972
2539,0.00737974
2540,0.00738175
2541,0.00737774
2542,0.00738776
2543,0.00739778
2544,0.00739578
2545,0.00740179
2546,0.00739979
2547,0.00739578
2548,0.0074058
2549,0.00741382
2550,0.0074058
2551,0.00742183
2552,0.00741983
2553,0.00742384
2554,0.00742584
2555,0.00742985
2556,0.00743586
2557,0.00742384
2558,0.00743386
2559,0.00743586
2560,0.00744388
2561,0.00744588
2562,0.00744388
2563,0.0074539
2564,0.00744789
2565,0.00745791
2566,0.00745991
2567,0.00746192
2568,0.00747194
2569,0.00747394
2570,0.00747595
2571,0.00747394
2572,0.00748196
2573,0.00748797
2574,0.00748397
2575,0.00748998
2576,0.00749399
2577,0.00748998
2578,0.007498
2579,0.007498
2580,0.00751002
2581,0.00751002
2582,0.00751002
2583,0.00751202
2584,0.00752205
2585,0.00751804
2586,0.00752605
2587,0.00752605
2588,0.00752405
2589,0.00752405
2590,0.00754008
2591,0.00753608
2592,0.00753608
2593,0.00753808
2594,0.0075481
2595,0.00755412
2596,0.00755011
2597,0.00755612
2598,0.00755813
2599,0.00756013
2600,0.00755612
2601,0.00757616
2602,0.00757416
2603,0.00757817
2604,0.00757215
2605,0.00758017
2606,0.00757817
2607,0.00758418
2608,0.00758819
2609,0.00760222
2610,0.00760021
2611,0.0075942
2612,0.00760222
2613,0.00760422
2614,0.00760823
2615,0.00761825
2616,0.00761224
2617,0.00762427
2618,0.00762427
2619,0.00762827
2620,0.00762427
2621,0.00763228
2622,0.00763228
2623,0.00763228
2624,0.00763228
2625,0.0076423
2626,0.0076423
2627,0.00764431
2628,0.00765433
2629,0.00764832
2630,0.00765834
2631,0.00765433
2632,0.00766034
2633,0.00766034
2634,0.00766034
2635,0.00767237
2636,0.00767237
2637,0.00767638
2638,0.00768239
2639,0.00767638
2640,0.0076884
2641,0.00769241
2642,0.00768239
2643,0.00769041
2644,0.00769842
2645,0.00770444
2646,0.00770243
2647,0.00771045
2648,0.00770644
2649,0.00771847
2650,0.00771646
2651,0.00771646
2652,0.00772047
2653,0.00773049
2654,0.00772849
2655,0.0077365
2656,0.00772849
2657,0.0077345
2658,0.00774051
2659,0.00774652
2660,0.00774252
2661,0.00775655
2662,0.00775454
2663,0.00775053
2664,0.00775655
2665,0.00775655
2666,0.00776256
2667,0.00777859
2668,0.00777058
2669,0.0077826
2670,0.00777258
2671,0.0077806
2672,0.00778661
2673,0.00778661
2674,0.00778862
2675,0.00779463
2676,0.00780064
2677,0.00779864
2678,0.00780064
2679,0.00780465
2680,0.00781066
2681,0.00781066
2682,0.00781267
2683,0.00781267
2684,0.0078307
2685,0.00782469
2686,0.0078307
2687,0.0078287
2688,0.00783672
2689,0.00783672
2690,0.00783271
2691,0.00783672
2692,0.00784473
2693,0.00785275
2694,0.00785275
2695,0.00785275
2696,0.00786077
2697,0.00786678
2698,0.00786277
2699,0.00787079
2700,0.0078728
2701,0.0078728
2702,0.0078768
2703,0.00788682
2704,0.00788282
2705,0.00789083
2706,0.00789083
2707,0.00788883
2708,0.00790085
2709,0.00789685
2710,0.00790286
2711,0.00790286
2712,0.00790085
2713,0.00791088
2714,0.00791288
2715,0.0079229
2716,0.00792691
2717,0.00791689
2718,0.00793493
2719,0.00793292
2720,0.00793493
2721,0.00793292
2722,0.00793693
2723,0.00793693
2724,0.00794896
2725,0.00794495
2726,0.00794896
2727,0.00794896
2728,0.00795898
2729,0.00795698
2730,0.00796299
2731,0.00796499
2732,0.00796499
2733,0.00798303
2734,0.00798102
2735,0.00797301
2736,0.00797702
2737,0.00799105
2738,0.00798503
2739,0.00799105
2740,0.00799305
2741,0.00799305
2742,0.00800307
2743,0.00801109
2744,0.00800508
2745,0.00800708
2746,0.00801309
2747,0.00801911
2748,0.0080151
2749,0.00802312
2750,0.00802111
2751,0.00802713
2752,0.00802713
2753,0.00803113
2754,0.00803514
2755,0.00803715
2756,0.00804717
2757,0.00804717
2758,0.00805117
2759,0.00805318
2760,0.00805919
2761,0.00805919
2762,0.00806721
2763,0.0080612
2764,0.00805919
2765,0.00807322
2766,0.00808324
2767,0.00807122
2768,0.00809327
2769,0.00810329
2770,0.00809928
2771,0.00810128
2772,0.00809928
2773,0.00810128
2774,0.00811932
2775,0.00811531
2776,0.00811331
2777,0.00811732
2778,0.00811732
2779,0.00812132
2780,0.00813335
2781,0.00813535
2782,0.00813736
2783,0.00813736
2784,0.00814137
2785,0.00814137
2786,0.00813736
2787,0.00815941
2788,0.00815139
2789,0.0081574
2790,0.00816141
2791,0.00816342
2792,0.00817143
2793,0.00816943
2794,0.00817143
2795,0.00818747
2796,0.00818546
2797,0.00818145
2798,0.00818747
2799,0.00819548
2800,0.00819348
2801,0.0082015
2802,0.0082015
2803,0.00819548
2804,0.0082055
2805,0.00821152
2806,0.00821352
2807,0.00821553
2808,0.00821753
2809,0.00822154
2810,0.00821753
2811,0.00822154
2812,0.00823356
2813,0.00823557
2814,0.00823557
2815,0.00823958
2816,0.00823757
2817,0.00824559
2818,0.0082496
2819,0.00825561
2820,0.00825361
2821,0.0082516
2822,0.00826163
2823,0.00826163
2824,0.00826563
2825,0.00825361
2826,0.00825962
2827,0.00827565
2828,0.00827766
2829,0.00827766
2830,0.00827966
2831,0.00829169
2832,0.0082957
2833,0.00828968
2834,0.00830371
2835,0.00830171
2836,0.00830171
2837,0.00830772
2838,0.00830772
2839,0.00830973
2840,0.00831574
2841,0.00832175
2842,0.00832175
2843,0.00833178
2844,0.00832175
2845,0.00833578
2846,0.00833578
2847,0.00833578
2848,0.0083418
2849,0.0083458
2850,0.00834781
2851,0.0083418
2852,0.00835583
2853,0.00835583
2854,0.00835382
2855,0.00835382
2856,0.00836184
2857,0.00836785
2858,0.00837587
2859,0.00837186
2860,0.00837386
2861,0.00837988
2862,0.00838188
2863,0.0083919
2864,0.0083919
2865,0.0083899
2866,0.00839992
2867,0.00840393
2868,0.00840794
2869,0.00840994
2870,0.00841195
2871,0.00840794
2872,0.00840994
2873,0.00840994
2874,0.00841195
2875,0.00841796
2876,0.00842397
2877,0.00842397
2878,0.00842798
2879,0.00843199
2880,0.00844201
2881,0.00844
2882,0.008436
2883,0.00844201
2884,0.00845203
2885,0.00845003
2886,0.00845404
2887,0.00845404
2888,0.00845404
2889,0.00846807
2890,0.00846606
2891,0.00846807
2892,0.00846807
2893,0.00847408
2894,0.00848811
2895,0.00847809
2896,0.0084861
2897,0.00849613
2898,0.00849412
2899,0.00850013
2900,0.00849813
2901,0.00850013
2902,0.00850615
2903,0.00850615
2904,0.00850815
2905,0.00850815
2906,0.00850815
2907,0.00852018
2908,0.00851617
2909,0.00852619
2910,0.00852619
2911,0.0085302
2912,0.0085302
2913,0.0085322
2914,0.00853822
2915,0.00854222
2916,0.00855625
2917,0.00855024
2918,0.00855225
2919,0.00855425
2920,0.00856628
2921,0.00856026
2922,0.00856227
2923,0.00856227
2924,0.00856227
2925,0.0085763
2926,0.00858431
2927,0.00857429
2928,0.00858431
2929,0.00858431
2930,0.00858431
2931,0.00859834
2932,0.00860235
2933,0.00860235
2934,0.00861237
2935,0.00860235
2936,0.00860636
2937,0.00860836
2938,0.00861438
2939,0.00861638
2940,0.0086264
2941,0.00862039
2942,0.0086264
2943,0.00863041
2944,0.00863041
2945,0.00863643
2946,0.00863041
2947,0.00863843
2948,0.00864645
2949,0.00864845
2950,0.00864645
2951,0.00865045
2952,0.00865446
2953,0.00866248
2954,0.00865446
2955,0.00866649
2956,0.00866248
2957,0.00866448
2958,0.00867651
2959,0.00868252
2960,0.00867651
2961,0.00868854
2962,0.00869054
2963,0.00868453
2964,0.00869054
2965,0.00869655
2966,0.00870457
2967,0.00870658
2968,0.00870257
2969,0.00871058
2970,0.0087166
2971,0.00870858
2972,0.0087166
2973,0.0087186
2974,0.00873664
2975,0.00872662
2976,0.00872662
2977,0.00873664
2978,0.00873864
2979,0.00873664
2980,0.00875267
2981,0.00874866
2982,0.00875267
2983,0.00875468
2984,0.00874666
2985,0.00875067
2986,0.0087647
2987,0.00876269
2988,0.0087647
2989,0.0087667
2990,0.0087647
2991,0.00877873
2992,0.00878675
2993,0.00878474
2994,0.00878274
2995,0.00878875
2996,0.00879276
2997,0.00879877
2998,0.00879276
2999,0.00880478
3000,0.0088108
3001,0.00880278
3002,0.0088108
3003,0.0088108
3004,0.0088128
3005,0.00882082
3006,0.00881681
3007,0.00882483
3008,0.00882683
3009,0.00883284
3010,0.00883485
3011,0.00884287
3012,0.00883485
3013,0.00884888
3014,0.0088569
3015,0.00884888
3016,0.00884687
3017,0.0088569
3018,0.0088609
3019,0.0088609
3020,0.0088609
3021,0.00886491
3022,0.00887493
3023,0.00887293
3024,0.00888696
3025,0.00888095
3026,0.00888696
3027,0.00889898
3028,0.00888896
3029,0.00889498
3030,0.00889498
3031,0.00890099
3032,0.00890299
3033,0.008907
3034,0.00890299
3035,0.008907
3036,0.00891502
3037,0.00891702
3038,0.00891702
3039,0.00892905
3040,0.00893707
3041,0.00893707
3042,0.00894108
3043,0.00893707
3044,0.00894709
3045,0.00894709
3046,0.0089531
3047,0.0089531
3048,0.0089511
3049,0.00895711
3050,0.0089551
3051,0.00895711
3052,0.00896913
3053,0.00897114
3054,0.00897314
3055,0.00897515
3056,0.00898116
3057,0.00898918
3058,0.00898316
3059,0.00898717
3060,0.00898517
3061,0.00899118
3062,0.00899118
3063,0.00899319
3064,0.0089992
3065,0.00900722
3066,0.00900722
3067,0.00900922
3068,0.00901323
3069,0.00900922
3070,0.00902325
3071,0.00902325
3072,0.00902926
3073,0.00903127
3074,0.00903728
3075,0.00903528
3076,0.00903127
3077,0.0090493
3078,0.00904129
3079,0.0090453
3080,0.0090493
3081,0.00905933
3082,0.00905532
3083,0.0090493
3084,0.00905933
3085,0.00906534
3086,0.00906935
3087,0.00906734
3088,0.00907135
3089,0.00908338
3090,0.00908939
3091,0.00908739
3092,0.0090934
3093,0.00908739
3094,0.00908538
3095,0.00909941
3096,0.0090954
3097,0.00910142
3098,0.00910743
3099,0.00910743
3100,0.00910543
3101,0.00912146
3102,0.00912146
3103,0.00912146
3104,0.00913148
3105,0.00913148
3106,0.00913148
3107,0.00912747
3108,0.00913549
3109,0.00914551
3110,0.00914351
3111,0.00914351
3112,0.00915152
3113,0.00915152
3114,0.00916154
3115,0.00915553
3116,0.00916154
3117,0.00916355
3118,0.00917157
3119,0.00916555
3120,0.00917357
3121,0.0091856
3122,0.0091876
3123,0.0091896
3124,0.00918359
3125,0.00919562
3126,0.00920363
3127,0.0091896
3128,0.00919963
3129,0.00919762
3130,0.00920163
3131,0.00920764
3132,0.00921366
3133,0.00921766
3134,0.00921967
3135,0.00921366
3136,0.00923169
3137,0.00922368
3138,0.00923971
3139,0.00923971
3140,0.00923971
3141,0.00924372
3142,0.00923971
3143,0.00924773
3144,0.00924773
3145,0.00925374
3146,0.00926376
3147,0.00925575
3148,0.00925975
3149,0.00927779
3150,0.00926577
3151,0.00927779
3152,0.00927779
3153,0.0092818
3154,0.0092838
3155,0.00928581
3156,0.00929583
3157,0.00929182
3158,0.00928781
3159,0.00929182
3160,0.00929383
3161,0.00929783
3162,0.00930786
3163,0.00930786
3164,0.00931187
3165,0.00931588
3166,0.00931387
3167,0.00931788
3168,0.00932189
3169,0.00931988
3170,0.0093299
3171,0.00933592
3172,0.00934393
3173,0.00934193
3174,0.00934393
3175,0.00934594
3176,0.00933993
3177,0.00935395
3178,0.00935796
3179,0.00935796
3180,0.00935596
3181,0.00936398
3182,0.00936598
3183,0.00936598
3184,0.00936999
3185,0.00938602
3186,0.00938602
3187,0.00938803
3188,0.00938803
3189,0.00939003
3190,0.00939204
3191,0.00940005
3192,0.00939805
3193,0.00939605
3194,0.00941008
3195,0.00941408
3196,0.00941008
3197,0.00940807
3198,0.0094201
3199,0.00941609
3200,0.00943012
3201,0.00943413
3202,0.00942811
3203,0.00943012
3204,0.00944214
3205,0.00944014
3206,0.00944415
3207,0.00945016
3208,0.00944214
3209,0.00944014
3210,0.00945016
3211,0.00944816
3212,0.00946018
3213,0.0094662
3214,0.00947822
3215,0.0094662
3216,0.00947221
3217,0.00947221
3218,0.00948824
3219,0.00948223
3220,0.00948824
3221,0.00948624
3222,0.00948624
3223,0.00949225
3224,0.00950027
3225,0.00950428
3226,0.00950428
3227,0.00950428
3228,0.00951029
3229,0.0095183
3230,0.00952231
3231,0.0095183
3232,0.00952432
3233,0.00952632
3234,0.00953434
3235,0.00953835
3236,0.00953835
3237,0.00952833
3238,0.00953634
3239,0.00954436
3240,0.00954837
3241,0.00955037
3242,0.00955639
3243,0.00955037
3244,0.0095604
3245,0.00956841
3246,0.0095644
3247,0.00956641
3248,0.00957443
3249,0.00957443
3250,0.00957843
3251,0.00957843
3252,0.00957242
3253,0.00958044
3254,0.00959046
3255,0.00959647
3256,0.00959848
3257,0.00959447
3258,0.00959848
3259,0.00960048
3260,0.00961451
3261,0.00961451
3262,0.00961652
3263,0.00961852
3264,0.00962253
3265,0.00962654
3266,0.00962253
3267,0.00962453
3268,0.00963055
3269,0.00963456
3270,0.00963255
3271,0.00964458
3272,0.00964858
3273,0.0096546
3274,0.00964858
3275,0.00964858
3276,0.0096546
3277,0.00966462
3278,0.00966863
3279,0.00966863
3280,0.00967263
3281,0.00967664
3282,0.00967263
3283,0.00968667
3284,0.00967464
3285,0.00967865
3286,0.00968466
3287,0.00968867
3288,0.00969268
3289,0.00969869
3290,0.00969468
3291,0.0097027
3292,0.0097007
3293,0.00971673
3294,0.00971473
3295,0.00972475
3296,0.00972274
3297,0.00973076
3298,0.00972274
3299,0.00972875
3300,0.00973477
3301,0.00973878
3302,0.00973677
3303,0.00974278
3304,0.00973677
3305,0.00975681
3306,0.00975481
3307,0.00975681
3308,0.00976082
3309,0.00976684
3310,0.00976884
3311,0.00976283
3312,0.00976884
3313,0.00976483
3314,0.00977886
3315,0.00977886
3316,0.00977886
3317,0.00978087
3318,0.00979289
3319,0.00978888
3320,0.00979089
3321,0.00980893
3322,0.0097969
3323,0.0097969
3324,0.00980492
3325,0.00981293
3326,0.00981494
3327,0.00981093
3328,0.00981895
3329,0.00982296
3330,0.00981895
3331,0.00982696
3332,0.00983097
3333,0.00983097
3334,0.00983699
3335,0.00983699
3336,0.009841
3337,0.00985703
3338,0.00986104
3339,0.009841
3340,0.00986304
3341,0.00986505
3342,0.00986304
3343,0.00986304
3344,0.00986906
3345,0.00986705
3346,0.00987908
3347,0.00987707
3348,0.00988108
3349,0.00988509
3350,0.0098911
3351,0.00988709
3352,0.00989511
3353,0.0098931
3354,0.00990313
3355,0.00991315
3356,0.00990713
3357,0.00990914
3358,0.00990914
3359,0.00991515
3360,0.00991515
3361,0.00991716
3362,0.00991716
3363,0.00992517
3364,0.00992718
3365,0.00993319
3366,0.00994121
3367,0.00994923
3368,0.00994923
3369,0.00994923
3370,0.00995724
3371,0.00995323
3372,0.00995524
3373,0.00995724
3374,0.00996726
3375,0.00996927
3376,0.00997127
3377,0.00997127
3378,0.00997929
3379,0.00997929
3380,0.0099853
3381,0.0099833
3382,0.0099853
3383,0.00998931
3384,0.0100094
3385,0.00999132
3386,0.00999933
3387,0.0100033
3388,0.0100073
3389,0.0100053
3390,0.0100073
3391,0.0100194
3392,0.0100194
3393,0.0100114
3394,0.0100174
3395,0.0100294
3396,0.0100354
3397,0.0100374
3398,0.0100434
3399,0.0100414
3400,0.0100494
3401,0.0100434
3402,0.0100454
3403,0.0100494
3404,0.0100494
3405,0.0100655
3406,0.0100635
3407,0.0100675
3408,0.0100695
3409,0.0100735
3410,0.0100775
3411,0.0100695
3412,0.0100715
3413,0.0100915
3414,0.0100835
3415,0.0100855
3416,0.0100935
3417,0.0100955
3418,0.0100955
3419,0.0101016
3420,0.0101156
3421,0.0101136
3422,0.0101096
3423,0.0101156
3424,0.0101176
3425,0.0101276
3426,0.0101236
3427,0.0101276
3428,0.0101316
3429,0.0101336
3430,0.0101396
3431,0.0101396
3432,0.0101497
3433,0.0101416
3434,0.0101476
3435,0.0101497
3436,0.0101557
3437,0.0101577
3438,0.0101597
3439,0.0101637
3440,0.0101677
3441,0.0101737
3442,0.0101817
3443,0.0101797
3444,0.0101837
3445,0.0101837
3446,0.0101857
3447,0.0101917
3448,0.0101917
3449,0.0101937
3450,0.0102038
3451,0.0101998
3452,0.0102018
3453,0.0102058
3454,0.0102078
3455,0.0102198
3456,0.0102098
3457,0.0102218
3458,0.0102278
3459,0.0102358
3460,0.0102338
3461,0.0102419
3462,0.0102378
3463,0.0102398
3464,0.0102439
3465,0.0102398
3466,0.0102459
3467,0.0102419
3468,0.0102439
3469,0.0102639
3470,0.0102619
3471,0.0102619
3472,0.0102659
3473,0.0102699
3474,0.0102759
3475,0.0102739
3476,0.0102739
3477,0.0102859
3478,0.0102859
3479,0.0102839
3480,0.010294
3481,0.01029
3482,0.01029
3483,0.0103
3484,0.0103
3485,0.010302
3486,0.010306
3487,0.01032
3488,0.010318
3489,0.010326
3490,0.010324
3491,0.010322
3492,0.010334
3493,0.0103421
3494,0.0103441
3495,0.0103381
3496,0.0103401
3497,0.0103401
3498,0.0103541
3499,0.0103441
3500,0.0103501
3501,0.0103521
3502,0.0103521
3503,0.0103681
3504,0.0103661
3505,0.0103761
3506,0.0103761
3507,0.0103721
3508,0.0103801
3509,0.0103801
3510,0.0103842
3511,0.0103842
3512,0.0103922
3513,0.0103942
3514,0.0103942
3515,0.0104002
3516,0.0103982
3517,0.0104142
3518,0.0104142
3519,0.0104062
3520,0.0104142
3521,0.0104282
3522,0.0104242
3523,0.0104222
3524,0.0104323
3525,0.0104323
3526,0.0104403
3527,0.0104323
3528,0.0104423
3529,0.0104463
3530,0.0104563
3531,0.0104563
3532,0.0104543
3533,0.0104563
3534,0.0104643
3535,0.0104643
3536,0.0104643
3537,0.0104683
3538,0.0104723
3539,0.0104723
3540,0.0104743
3541,0.0104703
3542,0.0104844
3543,0.0104864
3544,0.0104864
3545,0.0104944
3546,0.0104984
3547,0.0104904
3548,0.0105044
3549,0.0105164
3550,0.0104984
3551,0.0105164
3552,0.0105124
3553,0.0105204
3554,0.0105204
3555,0.0105265
3556,0.0105325
3557,0.0105365
3558,0.0105345
3559,0.0105385
3560,0.0105445
3561,0.0105525
3562,0.0105565
3563,0.0105605
3564,0.0105565
3565,0.0105605
3566,0.0105645
3567,0.0105605
3568,0.0105685
3569,0.0105645
3570,0.0105685
3571,0.0105726
3572,0.0105786
3573,0.0105866
3574,0.0105786
3575,0.0105906
3576,0.0105946
3577,0.0105986
3578,0.0105926
3579,0.0106066
3580,0.0106166
3581,0.0106126
3582,0.0106086
3583,0.0106086
3584,0.0106066
3585,0.0106207
3586,0.0106247
3587,0.0106267
3588,0.0106387
3589,0.0106307
3590,0.0106287
3591,0.0106467
3592,0.0106447
3593,0.0106487
3594,0.0106547
3595,0.0106547
3596,0.0106487
3597,0.0106507
3598,0.0106648
3599,0.0106668
3600,0.0106708
3601,0.0106708
3602,0.0106688
3603,0.0106788
3604,0.0106788
3605,0.0106748
3606,0.0106868
3607,0.0106928
3608,0.0106888
3609,0.0107008
3610,0.0106928
3611,0.0106968
3612,0.0107048
3613,0.0107109
3614,0.0107129
3615,0.0107129
3616,0.0107129
3617,0.0107169
3618,0.0107269
3619,0.0107209
3620,0.0107309
3621,0.0107309
3622,0.0107349
3623,0.0107429
3624,0.0107489
3625,0.0107429
3626,0.0107529
3627,0.0107469
3628,0.0107529
3629,0.0107549
3630,0.010765
3631,0.010759
3632,0.010763
3633,0.010767
3634,0.010767
3635,0.010777
3636,0.010777
3637,0.010787
3638,0.010783
3639,0.010797
3640,0.010797
3641,0.010795
3642,0.010793
3643,0.010801
3644,0.010801
3645,0.0108111
3646,0.0108051
3647,0.0108151
3648,0.0108131
3649,0.0108151
3650,0.0108211
3651,0.0108311
3652,0.0108271
3653,0.0108351
3654,0.0108451
3655,0.0108411
3656,0.0108371
3657,0.0108512
3658,0.0108431
3659,0.0108612
3660,0.0108552
3661,0.0108572
3662,0.0108612
3663,0.0108572
3664,0.0108632
3665,0.0108772
3666,0.0108732
3667,0.0108792
3668,0.0108792
3669,0.0108852
3670,0.0108852
3671,0.0108872
3672,0.0108932
3673,0.0108952
3674,0.0109053
3675,0.0109053
3676,0.0109093
3677,0.0109053
3678,0.0109173
3679,0.0109113
3680,0.0109253
3681,0.0109253
3682,0.0109273
3683,0.0109213
3684,0.0109313
3685,0.0109393
3686,0.0109373
3687,0.0109313
3688,0.0109413
3689,0.0109454
3690,0.0109494
3691,0.0109514
3692,0.0109574
3693,0.0109614
3694,0.0109554
3695,0.0109714
3696,0.0109714
3697,0.0109714
3698,0.0109674
3699,0.0109734
3700,0.0109794
3701,0.0109914
3702,0.0109874
3703,0.0109914
3704,0.0109935
3705,0.0109995
3706,0.0109914
3707,0.0109955
3708,0.0109995
3709,0.0110015
3710,0.0109995
3711,0.0110155
3712,0.0110135
3713,0.0110195
3714,0.0110235
3715,0.0110295
3716,0.0110315
3717,0.0110275
3718,0.0110375
3719,0.0110355
3720,0.0110396
3721,0.0110436
3722,0.0110476
3723,0.0110496
3724,0.0110556
3725,0.0110556
3726,0.0110696
3727,0.0110676
3728,0.0110636
3729,0.0110616
3730,0.0110796
3731,0.0110716
3732,0.0110776
3733,0.0110796
3734,0.0110776
3735,0.0110796
3736,0.0110937
3737,0.0110857
3738,0.0110917
3739,0.0110977
3740,0.0111057
3741,0.0111077
3742,0.0111177
3743,0.0111177
3744,0.0111177
3745,0.0111197
3746,0.0111177
3747,0.0111257
3748,0.0111297
3749,0.0111277
3750,0.0111378
3751,0.0111317
3752,0.0111398
3753,0.0111398
3754,0.0111518
3755,0.0111478
3756,0.0111538
3757,0.0111558
3758,0.0111558
3759,0.0111618
3760,0.0111678
3761,0.0111678
3762,0.0111738
3763,0.0111738
3764,0.0111819
3765,0.0111819
3766,0.0111819
3767,0.0111939
3768,0.0111899
3769,0.0111899
3770,0.0112019
3771,0.0111979
3772,0.0111999
3773,0.0112119
3774,0.0112219
3775,0.0112159
3776,0.0112159
3777,0.0112159
3778,0.0112239
3779,0.0112219
3780,0.011234
3781,0.011228
3782,0.011238
3783,0.011234
3784,0.01124
3785,0.011248
3786,0.011248
3787,0.011256
3788,0.011256
3789,0.01126
3790,0.011256
3791,0.011258
3792,0.011264
3793,0.01127
3794,0.0112741
3795,0.0112741
3796,0.011272
3797,0.0112821
3798,0.0112801
3799,0.0112861
3800,0.0112981
3801,0.0112901
3802,0.0113041
3803,0.0113041
3804,0.0113001
3805,0.0113081
3806,0.0113081
3807,0.0113081
3808,0.0113202
3809,0.0113121
3810,0.0113222
3811,0.0113222
3812,0.0113382
3813,0.0113222
3814,0.0113382
3815,0.0113402
3816,0.0113462
3817,0.0113462
3818,0.0113442
3819,0.0113502
3820,0.0113542
3821,0.0113582
3822,0.0113522
3823,0.0113582
3824,0.0113662
3825,0.0113683
3826,0.0113743
3827,0.0113763
3828,0.0113763
3829,0.0113823
3830,0.0113803
3831,0.0113863
3832,0.0113963
3833,0.0114023
3834,0.0113963
3835,0.0113923
3836,0.0114023
3837,0.0114043
3838,0.0114083
3839,0.0114184
3840,0.0114184
3841,0.0114164
3842,0.0114184
3843,0.0114204
3844,0.0114284
3845,0.0114304
3846,0.0114304
3847,0.0114284
3848,0.0114424
3849,0.0114384
3850,0.0114444
3851,0.0114484
3852,0.0114544
3853,0.0114544
3854,0.0114605
3855,0.0114605
3856,0.0114645
3857,0.0114665
3858,0.0114705
3859,0.0114785
3860,0.0114765
3861,0.0114865
3862,0.0114845
3863,0.0114885
3864,0.0114985
3865,0.0114945
3866,0.0115065
3867,0.0115086
3868,0.0115045
3869,0.0115106
3870,0.0115146
3871,0.0115106
3872,0.0115186
3873,0.0115166
3874,0.0115246
3875,0.0115306
3876,0.0115246
3877,0.0115226
3878,0.0115346
3879,0.0115406
3880,0.0115466
3881,0.0115406
3882,0.0115567
3883,0.0115486
3884,0.0115547
3885,0.0115547
3886,0.0115567
3887,0.0115667
3888,0.0115667
3889,0.0115747
3890,0.0115767
3891,0.0115747
3892,0.0115847
3893,0.0115927
3894,0.0115847
3895,0.0115827
3896,0.0115947
3897,0.0115887
3898,0.0115947
3899,0.0116028
3900,0.0115947
3901,0.0116128
3902,0.0116168
3903,0.0116128
3904,0.0116228
3905,0.0116228
3906,0.0116248
3907,0.0116308
3908,0.0116368
3909,0.0116348
3910,0.0116388
3911,0.0116428
3912,0.0116368
3913,0.0116408
3914,0.0116549
3915,0.0116529
3916,0.0116468
3917,0.0116448
3918,0.0116669
3919,0.0116609
3920,0.0116789
3921,0.0116749
3922,0.0116809
3923,0.0116729
3924,0.0116869
3925,0.0116769
3926,0.0116849
3927,0.011695
3928,0.0116889
3929,0.011697
3930,0.011697
3931,0.011701
3932,0.011705
3933,0.011711
3934,0.011711
3935,0.011717
3936,0.011721
3937,0.011725
3938,0.011731
3939,0.011729
3940,0.011729
3941,0.011727
3942,0.011741
3943,0.011735
3944,0.011739
3945,0.0117431
3946,0.0117531
3947,0.0117451
3948,0.0117671
3949,0.0117611
3950,0.0117671
3951,0.0117731
3952,0.0117871
3953,0.0117711
3954,0.0117831
3955,0.0117771
3956,0.0117811
3957,0.0117811
3958,0.0117851
3959,0.0117871
3960,0.0117892
3961,0.0117972
3962,0.0118012
3963,0.0118032
3964,0.0118092
3965,0.0118052
3966,0.0118212
3967,0.0118132
3968,0.0118172
3969,0.0118232
3970,0.0118252
3971,0.0118312
3972,0.0118252
3973,0.0118252
3974,0.0118312
3975,0.0118413
3976,0.0118453
3977,0.0118513
3978,0.0118553
3979,0.0118573
3980,0.0118533
3981,0.0118633
3982,0.0118633
3983,0.0118673
3984,0.0118613
3985,0.0118673
3986,0.0118753
3987,0.0118693
3988,0.0118854
3989,0.0118894
3990,0.0118894
3991,0.0118994
3992,0.0118934
3993,0.0119014
3994,0.0119054
3995,0.0118994
3996,0.0119074
3997,0.0119154
3998,0.0119114
3999,0.0119154
4000,0.0119214
4001,0.0119214
4002,0.0119234
4003,0.0119355
4004,0.0119395
4005,0.0119355
4006,0.0119415
4007,0.0119355
4008,0.0119515
4009,0.0119475
4010,0.0119575
4011,0.0119475
4012,0.0119455
4013,0.0119575
4014,0.0119615
4015,0.0119675
4016,0.0119615
4017,0.0119735
4018,0.0119776
4019,0.0119816
4020,0.0119816
4021,0.0119876
4022,0.0119916
4023,0.0119896
4024,0.0119976
4025,0.0119936
4026,0.0119976
4027,0.0120076
4028,0.0120096
4029,0.0120096
4030,0.0120096
4031,0.0120176
4032,0.0120216
4033,0.0120317
4034,0.0120237
4035,0.0120257
4036,0.0120437
4037,0.0120397
4038,0.0120297
4039,0.0120477
4040,0.0120497
4041,0.0120497
4042,0.0120477
4043,0.0120597
4044,0.0120637
4045,0.0120557
4046,0.0120698
4047,0.0120597
4048,0.0120657
4049,0.0120818
4050,0.0120657
4051,0.0120838
4052,0.0120838
4053,0.0120878
4054,0.0120898
4055,0.0120858
4056,0.0120938
4057,0.0120938
4058,0.0121058
4059,0.0121018
4060,0.0121118
4061,0.0121158
4062,0.0121179
4063,0.0121219
4064,0.0121279
4065,0.0121259
4066,0.0121359
4067,0.0121439
4068,0.0121359
4069,0.0121319
4070,0.0121319
4071,0.0121399
4072,0.0121419
4073,0.0121499
4074,0.0121519
4075,0.0121579
4076,0.012164
4077,0.0121579
4078,0.012166
4079,0.012166
4080,0.012174
4081,0.012174
4082,0.012186
4083,0.012178
4084,0.01218
4085,0.012174
4086,0.012178
4087,0.012194
4088,0.012192
4089,0.012198
4090,0.01221
4091,0.0122121
4092,0.01221
4093,0.0122141
4094,0.0122201
4095,0.0122241
